[
    {
      "model": "api.user",
      "pk": 1,
      "fields": {
        "password": "pbkdf2_sha256$390000$pBk3OOPKQtdGVyoj0JLWi4$0l/lMDcS75n72egCh67WhF5MpZvoIpiyrItUjpwff3U=",
        "last_login": "2023-03-31T14:40:18.794Z",
        "is_superuser": true,
        "username": "admin",
        "first_name": "",
        "last_name": "",
        "email": "",
        "is_staff": true,
        "date_joined": "2023-03-29T14:19:21.959Z",
        "groups": [],
        "user_permissions": []
      }
    },
    
    {
      "model": "api.category",
      "pk": 1,
      "fields": {
        "name": "Electronics"
        
      }
    },
    {
      "model": "api.category",
      "pk": 2,
      "fields": {
        "name": "Clothing and Apparel"
        
      }
    },
    {
      "model": "api.category",
      "pk": 3,
      "fields": {
        "name": "Home and Garden"
        
      }
    },
    {
      "model": "api.category",
      "pk": 4,
      "fields": {
        "name": "Health and Beauty"
        
      }
    },
    {
      "model": "api.category",
      "pk": 5,
      "fields": {
        "name": "Toys and Games"
        
      }
    },
    {
      "model": "api.category",
      "pk": 6,
      "fields": {
        "name": "Food and Beverage"
        
      }
    },
    {
      "model": "api.category",
      "pk": 7,
      "fields": {
        "name": "Sports and Outdoors"
        
      }
    },
    {
      "model": "api.category",
      "pk": 8,
      "fields": {
        "name": "Pet Supplies"
        
      }
    },
    {
      "model": "api.category",
      "pk": 9,
      "fields": {
        "name": "Office and School Supplies"
        
      }
    },
    {
      "model": "api.category",
      "pk": 10,
      "fields": {
        "name": "Automotive and Transportation"
      }
    },
  
    {
      "model": "api.category",
      "pk": 11,
      "fields": {
        "name": "Smartphones"
      }
    },
    {
      "model": "api.category",
      "pk": 12,
      "fields": {
        "name": "Laptops"
      }
    },
    {
      "model": "api.category",
      "pk": 13,
      "fields": {
        "name": "Tablets"
      }
    },
    {
      "model": "api.category",
      "pk": 14,
      "fields": {
        "name": "T-Shirts"
      }
    },
    {
      "model": "api.category",
      "pk": 15,
      "fields": {
        "name": "Jeans"
      }
    },
    {
      "model": "api.category",
      "pk": 16,
      "fields": {
        "name": "Sofas"
      }
    },
    {
      "model": "api.category",
      "pk": 17,
      "fields": {
        "name": "Beds"
      }
    },
    {
      "model": "api.category",
      "pk": 18,
      "fields": {
        "name": "Face Creams"
      }
    },
    {
      "model": "api.category",
      "pk": 19,
      "fields": {
        "name": "Shampoos"
      }
    },
    {
      "model": "api.category",
      "pk": 20,
      "fields": {
        "name": "Board Games"
      }
    },
    {
      "model": "api.category",
      "pk": 21,
      "fields": {
        "name": "Dolls"
      }
    },
    {
      "model": "api.category",
      "pk": 22,
      "fields": {
        "name": "Juices"
      }
    },
    {
      "model": "api.category",
      "pk": 23,
      "fields": {
        "name": "Cereals"
      }
    },
    {
      "model": "api.category",
      "pk": 24,
      "fields": {
        "name": "Running Shoes"
      }
    },
    {
      "model": "api.category",
      "pk": 25,
      "fields": {
        "name": "Bicycles"
      }
    },
    {
      "model": "api.category",
      "pk": 26,
      "fields": {
        "name": "Dog Food"
        
      }
    },
    {
      "model": "api.category",
      "pk": 27,
      "fields": {
        "name": "Cat Toys"
        
      }
    },
    {
      "model": "api.category",
      "pk": 28,
      "fields": {
        "name": "Pens"
        
      }
    },
    {
      "model": "api.category",
      "pk": 29,
      "fields": {
        "name": "Notebooks"
        
      }
    },
    {
      "model": "api.category",
      "pk": 30,
      "fields": {
        "name": "Car Tires"
        
      }
    },
    {
      "model": "api.category",
      "pk": 31,
      "fields": {
        "name": "Windshield Wipers"
        
      }
    },
    {
        "model": "api.product_color",
        "pk": 1,
        "fields": {
          "name": "red"
        }
      },
      {
        "model": "api.product_color",
        "pk": 2,
        "fields": {
          "name": "black"
        }
      },
      {
        "model": "api.business_owner",
        "pk": 1,
        "fields": {
          "name": "khan",
          "bio": "I am muslim",
          "phone": "+9372151500",
          "email": "saboorhemat@gmail.com"
        }
      },
      {
        "model": "api.business_profile",
        "pk": 1,
        "fields": {
          "detial": "nothing",
          "phone": "+93728151500",
          "avator": "https://picsum.photos/200/200/?random",
          "business_type": "mobile shop",
          "user": 1
        }
      },
    {
      "model": "api.product",
      "pk": 1,
      "fields": {
        "category": 11,
        "user":1,
        "color": 1,
        "name": "Samsung Galaxy S21",
        
        "quantity": 1,
        
        "description": "Brand new Samsung Galaxy S21 with 128GB storage and 8GB RAM. Unlocked to all carriers.",
        "price": 999.99,
        
        "created_at": "2022-06-12T15:16:39.225Z",
        "updated_at": "2022-06-12T15:16:39.225Z"
        
      }
    },
    {
      "model": "api.product",
      "pk": 2,
      "fields": {
        "category": 14,
        "user":1,
        "color": 1,
        "name": "Cotton T-Shirt",
        "quantity": 5,
        "description": "Plain white cotton t-shirt, size L. Bought the wrong size and can't return.",
        "price": 15.99,
        "created_at": "2022-09-18T10:35:20.121Z",
        "updated_at": "2022-09-18T10:35:20.121Z"

      }
    },
    {
      "model": "api.product",
      "pk": 3,
      "fields": {
        "category": 16,
        "user":1,
        "color": 1,
        "name": "Leather Sofa",
        
        "quantity": 1,
        
        "description": "Beautiful brown leather sofa in excellent condition. Only selling because we're upgrading.",
        "price": 800.0,
        
        "created_at": "2022-11-02T17:44:10.450Z",
        "updated_at": "2022-11-02T17:44:10.450Z"
        
      }
    },
    {
      "model": "api.product",
      "pk": 4,
      "fields": {
        "category": 19,
        "user":1,
        "color": 1,
        "name": "Herbal Shampoo",
        
        "quantity": 3,
        
        "description": "Organic herbal shampoo with lavender and chamomile. Great for sensitive skin.",
        "price": 12.99,
        
        "created_at": "2022-12-15T09:22:31.891Z",
        "updated_at": "2022-12-15T09:22:31.891Z"
        
      }
    },
    {
      "model": "api.product",
      "pk": 5,
      "fields": {
        "category": 21,
        "user":1,
        "color": 1,
        "name": "Barbie Dreamhouse",
        
        "quantity": 1,
        
        "description": "Brand new Barbie Dreamhouse with three floors, eight rooms, and a working elevator.",
        "price": 149.99,
        
        "created_at": "2023-01-21T14:57:52.720Z",
        "updated_at": "2023-01-21T14:57:52.720Z"
        
      }
    },
    {
      "model": "api.product",
      "pk": 6,
      "fields": {
        "category": 24,
        "user":1,
        "color": 1,
        "name": "Nike Air Zoom Pegasus",
        
        "quantity": 1,
        
        "description": "Gently used Nike Air Zoom Pegasus in size 10.5. No rips or tears.",
        "price": 60.0,
        
        "created_at": "2023-02-18T19:14:10.911Z",
        "updated_at": "2023-02-18T19:14:10.911Z"
        
      }
    },
    {
      "model": "api.product",
      "pk": 7,
      "fields": {
        "category": 27,
        "user":1,
        "color": 1,
        "name": "Interactive Cat Toy",
        
        "quantity": 1,
        
        "description": "Interactive cat toy with a mouse on a string. Great for keeping your cat entertained.",
        "price": 9.99,
        
        "created_at": "2023-03-14T08:35:45.412Z",
        "updated_at": "2023-03-14T08:35:45.412Z"
        
      }
    },
    {
      "model": "api.product",
      "pk": 8,
      "fields": {
        "category": 28,
        "user":1,
        "color": 1,
        "name": "Gel Pens",
        
        "quantity": 10,
        
        "description": "High-quality gel pens in assorted colors. Perfect for home, school, or office use.",
        "price": 8.99,
        
        "created_at": "2023-04-02T15:16:39.225Z",
        "updated_at": "2023-04-02T15:16:39.225Z"
    
      }
    },
    {
      "model": "api.product",
      "pk": 9,
      "fields": {
        "category": 31,
        "user":1,
        "color": 1,
        "name": "Rain-X Latitude Wipers",
        
        "quantity": 2,
        
        "description": "Brand new Rain-X Latitude windshield wipers. Size 24 inches and 18 inches.",
        "price": 39.99,
        
        "created_at": "2023-05-09T11:20:53.984Z",
        "updated_at": "2023-05-09T11:20:53.984Z"
        
      }
    },
    {
      "model": "api.product",
      "pk": 10,
      "fields": {
        "category": 20,
        "user":1,
        "color": 1,
        "name": "Rain-X Latitude Wipers",
        
        "quantity": 5,
        
        "description": "Brand new Rain-X Latitude windshield wipers. Size 24 inches and 18 inches.",
        "price": 34.42,
        
        "created_at": "2023-04-03T06:32:26.486760Z",
        "updated_at": "2023-04-03T06:32:26.486784Z"
        
      }
    },
    {
      "model": "api.product",
      "pk": 11,
      "fields": {
        "category": 20,
        "user":1,
        "color": 1,
        "name": "Rain-X Latitude Wipers",
        
        "quantity": 2,
        
        "description": "Brand new Rain-X Latitude windshield wipers. Size 24 inches and 18 inches.",
        "price": 421.89,
        
        "created_at": "2023-04-03T06:32:26.486800Z",
        "updated_at": "2023-04-03T06:32:26.486804Z"
        
      }
    },
    {
      "model": "api.product",
      "pk": 12,
      "fields": {
        "category": 21,
        "user":1,
        "color": 1,
        "name": "Rain-X Latitude Wipers",
        
        "quantity": 5,
        
        "description": "Brand new Rain-X Latitude windshield wipers. Size 24 inches and 18 inches.",
        "price": 336.61,
        
        "created_at": "2023-04-03T06:32:26.486816Z",
        "updated_at": "2023-04-03T06:32:26.486819Z"
        
      }
    },
    {
      "model": "api.product",
      "pk": 13,
      "fields": {
        "category": 24,
        "user":1,
        "color": 1,
        "name": "Rain-X Latitude Wipers",
        
        "quantity": 1,
        
        "description": "Brand new Rain-X Latitude windshield wipers. Size 24 inches and 18 inches.",
        "price": 125.26,
        
        "created_at": "2023-04-03T06:32:26.486830Z",
        "updated_at": "2023-04-03T06:32:26.486833Z"
        
      }
    },
    {
      "model": "api.product",
      "pk": 14,
      "fields": {
        "category": 29,
        "user":1,
        "color": 1,
        "name": "Rain-X Latitude Wipers",
        
        "quantity": 5,
        
        "description": "Brand new Rain-X Latitude windshield wipers. Size 24 inches and 18 inches.",
        "price": 52.18,
        
        "created_at": "2023-04-03T06:32:26.486844Z",
        "updated_at": "2023-04-03T06:32:26.486848Z"
        
      }
    },
    {
      "model": "api.product",
      "pk": 15,
      "fields": {
        "category": 16,
        "user":1,
        "color": 1,
        "name": "Rain-X Latitude Wipers",
        
        "quantity": 4,
        
        "description": "Brand new Rain-X Latitude windshield wipers. Size 24 inches and 18 inches.",
        "price": 760.55,
        
        "created_at": "2023-04-03T06:32:26.486859Z",
        "updated_at": "2023-04-03T06:32:26.486863Z"
        
      }
    },
    {
      "model": "api.product",
      "pk": 16,
      "fields": {
        "category": 23,
        "user":1,
        "color": 1,
        "name": "Rain-X Latitude Wipers",
        
        "quantity": 3,
        
        "description": "Brand new Rain-X Latitude windshield wipers. Size 24 inches and 18 inches.",
        "price": 454.47,
        
        "created_at": "2023-04-03T06:32:26.486873Z",
        "updated_at": "2023-04-03T06:32:26.486876Z"
        
      }
    },
    {
      "model": "api.product",
      "pk": 17,
      "fields": {
        "category": 10,
        "user":1,
        "color": 1,
        "name": "Rain-X Latitude Wipers",
        
        "quantity": 5,
        
        "description": "Brand new Rain-X Latitude windshield wipers. Size 24 inches and 18 inches.",
        "price": 802.11,
        
        "created_at": "2023-04-03T06:32:26.486886Z",
        "updated_at": "2023-04-03T06:32:26.486890Z"
        
      }
    },
    {
      "model": "api.product",
      "pk": 18,
      "fields": {
        "category": 15,
        "user":1,
        "color": 1,
        "name": "Rain-X Latitude Wipers",
        
        "quantity": 4,
        
        "description": "Brand new Rain-X Latitude windshield wipers. Size 24 inches and 18 inches.",
        "price": 183.91,
        
        "created_at": "2023-04-03T06:32:26.486900Z",
        "updated_at": "2023-04-03T06:32:26.486903Z"
        
      }
    },
    {
      "model": "api.product",
      "pk": 19,
      "fields": {
        "category": 21,
        "user":1,
        "color": 1,
        "name": "Rain-X Latitude Wipers",
        
        "quantity": 5,
        
        "description": "Brand new Rain-X Latitude windshield wipers. Size 24 inches and 18 inches.",
        "price": 405.26,
        
        "created_at": "2023-04-03T06:32:26.486913Z",
        "updated_at": "2023-04-03T06:32:26.486917Z"
        
      }
    },
    {
      "model": "api.product",
      "pk": 20,
      "fields": {
        "category": 2,
        "user":1,
        "color": 1,
        "name": "Rain-X Latitude Wipers",
        
        "quantity": 4,
        
        "description": "Brand new Rain-X Latitude windshield wipers. Size 24 inches and 18 inches.",
        "price": 813.49,
        
        "created_at": "2023-04-03T06:32:26.486927Z",
        "updated_at": "2023-04-03T06:32:26.486931Z"
        
      }
    },
    {
      "model": "api.product",
      "pk": 21,
      "fields": {
        "category": 24,
        "user":1,
        "color": 1,
        "name": "Rain-X Latitude Wipers",
        
        "quantity": 1,
        
        "description": "Brand new Rain-X Latitude windshield wipers. Size 24 inches and 18 inches.",
        "price": 27.07,
        
        "created_at": "2023-04-03T06:32:26.486941Z",
        "updated_at": "2023-04-03T06:32:26.486944Z"
        
      }
    },
    {
      "model": "api.product",
      "pk": 22,
      "fields": {
        "category": 15,
        "user":1,
        "color": 1,
        "name": "Rain-X Latitude Wipers",
        
        "quantity": 4,
        
        "description": "Brand new Rain-X Latitude windshield wipers. Size 24 inches and 18 inches.",
        "price": 727.64,
        
        "created_at": "2023-04-03T06:32:26.486955Z",
        "updated_at": "2023-04-03T06:32:26.486958Z"
        
      }
    },
    {
      "model": "api.product",
      "pk": 23,
      "fields": {
        "category": 4,
        "user":1,
        "color": 1,
        "name": "Rain-X Latitude Wipers",
        
        "quantity": 5,
        
        "description": "Brand new Rain-X Latitude windshield wipers. Size 24 inches and 18 inches.",
        "price": 386.3,
        
        "created_at": "2023-04-03T06:32:26.486969Z",
        "updated_at": "2023-04-03T06:32:26.486972Z"
        
      }
    },
    {
      "model": "api.product",
      "pk": 24,
      "fields": {
        "category": 27,
        "user":1,
        "color": 1,
        "name": "Rain-X Latitude Wipers",
        
        "quantity": 5,
        
        "description": "Brand new Rain-X Latitude windshield wipers. Size 24 inches and 18 inches.",
        "price": 570.46,
        
        "created_at": "2023-04-03T06:32:26.486982Z",
        "updated_at": "2023-04-03T06:32:26.486986Z"
        
      }
    },
    {
      "model": "api.product",
      "pk": 25,
      "fields": {
        "category": 13,
        "user":1,
        "color": 1,
        "name": "Rain-X Latitude Wipers",
        
        "quantity": 4,
        
        "description": "Brand new Rain-X Latitude windshield wipers. Size 24 inches and 18 inches.",
        "price": 311.54,
        
        "created_at": "2023-04-03T06:32:26.486996Z",
        "updated_at": "2023-04-03T06:32:26.486999Z"
        
      }
    },
    {
      "model": "api.product",
      "pk": 26,
      "fields": {
        "category": 3,
        "user":1,
        "color": 1,
        "name": "Rain-X Latitude Wipers",
        
        "quantity": 1,
        
        "description": "Brand new Rain-X Latitude windshield wipers. Size 24 inches and 18 inches.",
        "price": 695.93,
        
        "created_at": "2023-04-03T06:32:26.487009Z",
        "updated_at": "2023-04-03T06:32:26.487013Z"
        
      }
    },
    {
      "model": "api.product",
      "pk": 27,
      "fields": {
        "category": 3,
        "user":1,
        "color": 1,
        "name": "Rain-X Latitude Wipers",
        "quantity": 4,
        "description": "Brand new Rain-X Latitude windshield wipers. Size 24 inches and 18 inches.",
        "price": 829.78,
        "created_at": "2023-04-03T06:32:26.487023Z",
        "updated_at": "2023-04-03T06:32:26.487026Z"
      }
    },
    {
      "model": "api.product",
      "pk": 28,
      "fields": {
        "category": 27,
        "user":1,
        "color": 1,
        "name": "Rain-X Latitude Wipers",
        "quantity": 3,
        "description": "Brand new Rain-X Latitude windshield wipers. Size 24 inches and 18 inches.",
        "price": 44.8,
        "created_at": "2023-04-03T06:32:26.487036Z",
        "updated_at": "2023-04-03T06:32:26.487039Z"
      }
    },
    {
      "model": "api.product",
      "pk": 29,
      "fields": {
        "category": 15,
        "user":1,
        "color": 1,
        "name": "Rain-X Latitude Wipers",
        "quantity": 1,
        "description": "Brand new Rain-X Latitude windshield wipers. Size 24 inches and 18 inches.",
        "price": 347.36,
        "created_at": "2023-04-03T06:32:26.487049Z",
        "updated_at": "2023-04-03T06:32:26.487053Z"
      }
    },
    {
      "model": "api.product",
      "pk": 30,
      "fields": {
        "category": 25,
        "user":1,
        "color": 1,
        "name": "Rain-X Latitude Wipers",
        "quantity": 4,
        "description": "Brand new Rain-X Latitude windshield wipers. Size 24 inches and 18 inches.",
        "price": 60.66,
        "created_at": "2023-04-03T06:32:26.487063Z",
        "updated_at": "2023-04-03T06:32:26.487066Z"
      }
    },
    {
      "model": "api.product",
      "pk": 31,
      "fields": {
        "category": 24,
        "user":1,
        "color": 1,
        "name": "Rain-X Latitude Wipers",
        "quantity": 4,
        "description": "Brand new Rain-X Latitude windshield wipers. Size 24 inches and 18 inches.",
        "price": 671.11,
        "created_at": "2023-04-03T06:32:26.487076Z",
        "updated_at": "2023-04-03T06:32:26.487079Z"
      }
    },
    {
      "model": "api.product",
      "pk": 32,
      "fields": {
        "category": 10,
        "user":1,
        "color": 1,
        "name": "Rain-X Latitude Wipers",
        "quantity": 2,
        "description": "Brand new Rain-X Latitude windshield wipers. Size 24 inches and 18 inches.",
        "price": 368.41,
        "created_at": "2023-04-03T06:32:26.487090Z",
        "updated_at": "2023-04-03T06:32:26.487093Z"
      }
    },
    {
      "model": "api.product",
      "pk": 33,
      "fields": {
        "category": 4,
        "user":1,
        "color": 1,
        "name": "Rain-X Latitude Wipers",
        "quantity": 5,
        "description": "Brand new Rain-X Latitude windshield wipers. Size 24 inches and 18 inches.",
        "price": 114.33,
        "created_at": "2023-04-03T06:32:26.487103Z",
        "updated_at": "2023-04-03T06:32:26.487107Z"
      }
    },
    {
      "model": "api.product",
      "pk": 34,
      "fields": {
        "category": 27,
        "user":1,
        "color": 2,
        "name": "Rain-X Latitude Wipers",
        "quantity": 2,
        "description": "Brand new Rain-X Latitude windshield wipers. Size 24 inches and 18 inches.",
        "price": 819.89,
        "created_at": "2023-04-03T06:32:26.487117Z",
        "updated_at": "2023-04-03T06:32:26.487120Z"
      }
    },
    {
      "model": "api.product",
      "pk": 35,
      "fields": {
        "category": 16,
        "user":1,
        "color": 2,
        "name": "Rain-X Latitude Wipers",
        "quantity": 1,
        "description": "Brand new Rain-X Latitude windshield wipers. Size 24 inches and 18 inches.",
        "price": 526.82,
        "created_at": "2023-04-03T06:32:26.487130Z",
        "updated_at": "2023-04-03T06:32:26.487134Z"
      }
    },
    {
      "model": "api.product",
      "pk": 36,
      "fields": {
        "category": 29,
        "user":1,
        "color": 2,
        "name": "Rain-X Latitude Wipers",
        "quantity": 4,
        "description": "Brand new Rain-X Latitude windshield wipers. Size 24 inches and 18 inches.",
        "price": 39.55,
        "created_at": "2023-04-03T06:32:26.487144Z",
        "updated_at": "2023-04-03T06:32:26.487147Z"
      }
    },
    {
      "model": "api.product",
      "pk": 37,
      "fields": {
        "category": 5,
        "user":1,
        "color": 2,
        "name": "Rain-X Latitude Wipers",
        "quantity": 2,
        "description": "Brand new Rain-X Latitude windshield wipers. Size 24 inches and 18 inches.",
        "price": 397.95,
        "created_at": "2023-04-03T06:32:26.487157Z",
        "updated_at": "2023-04-03T06:32:26.487161Z"
      }
    },
    {
      "model": "api.product",
      "pk": 38,
      "fields": {
        "category": 2,
        "user":1,
        "color": 2,
        "name": "Rain-X Latitude Wipers",
        "quantity": 1,
        "description": "Brand new Rain-X Latitude windshield wipers. Size 24 inches and 18 inches.",
        "price": 778.51,
        "created_at": "2023-04-03T06:32:26.487171Z",
        "updated_at": "2023-04-03T06:32:26.487174Z"
      }
    },
    {
      "model": "api.product",
      "pk": 39,
      "fields": {
        "category": 11,
        "user":1,
        "color": 2,
        "name": "Rain-X Latitude Wipers",
        "quantity": 3,
        "description": "Brand new Rain-X Latitude windshield wipers. Size 24 inches and 18 inches.",
        "price": 208.61,
        "created_at": "2023-04-03T06:32:26.487184Z",
        "updated_at": "2023-04-03T06:32:26.487188Z"
      }
    },
    {
      "model": "api.product",
      "pk": 40,
      "fields": {
        "category": 18,
        "user":1,
        "color": 2,
        "name": "Rain-X Latitude Wipers",
        "quantity": 1,
        "description": "Brand new Rain-X Latitude windshield wipers. Size 24 inches and 18 inches.",
        "price": 564.38,
        "created_at": "2023-04-03T06:32:26.487198Z",
        "updated_at": "2023-04-03T06:32:26.487201Z"
      }
    },
    {
      "model": "api.product",
      "pk": 41,
      "fields": {
        "category": 3,
        "user":1,
        "color": 2,
        "name": "Rain-X Latitude Wipers",
        "quantity": 2,
        "description": "Brand new Rain-X Latitude windshield wipers. Size 24 inches and 18 inches.",
        "price": 675.54,
        "created_at": "2023-04-03T06:32:26.487211Z",
        "updated_at": "2023-04-03T06:32:26.487215Z"
      }
    },
    {
      "model": "api.product",
      "pk": 42,
      "fields": {
        "category": 30,
        "user":1,
        "color": 2,
        "name": "Rain-X Latitude Wipers",
        "quantity": 5,
        "description": "Brand new Rain-X Latitude windshield wipers. Size 24 inches and 18 inches.",
        "price": 899.71,
        "created_at": "2023-04-03T06:32:26.487225Z",
        "updated_at": "2023-04-03T06:32:26.487228Z"
      }
    },
    {
      "model": "api.product",
      "pk": 43,
      "fields": {
        "category": 2,
        "user":1,
        "color": 2,
        "name": "Rain-X Latitude Wipers",
        "quantity": 1,
        "description": "Brand new Rain-X Latitude windshield wipers. Size 24 inches and 18 inches.",
        "price": 673.33,
        "created_at": "2023-04-03T06:32:26.487239Z",
        "updated_at": "2023-04-03T06:32:26.487242Z"
      }
    },
    {
      "model": "api.product",
      "pk": 44,
      "fields": {
        "category": 23,
        "user":1,
        "color": 2,
        "name": "Rain-X Latitude Wipers",
        "quantity": 3,
        "description": "Brand new Rain-X Latitude windshield wipers. Size 24 inches and 18 inches.",
        "price": 929.77,
        "created_at": "2023-04-03T06:32:26.487252Z",
        "updated_at": "2023-04-03T06:32:26.487256Z"
      }
    },
    {
      "model": "api.product",
      "pk": 45,
      "fields": {
        "category": 10,
        "user":1,
        "color": 2,
        "name": "Rain-X Latitude Wipers",
        "quantity": 1,
        "description": "Brand new Rain-X Latitude windshield wipers. Size 24 inches and 18 inches.",
        "price": 696.58,
        "created_at": "2023-04-03T06:32:26.487266Z",
        "updated_at": "2023-04-03T06:32:26.487270Z"
      }
    },
    {
      "model": "api.product",
      "pk": 46,
      "fields": {
        "category": 16,
        "user":1,
        "color": 2,
        "name": "Rain-X Latitude Wipers",
        "quantity": 2,
        "description": "Brand new Rain-X Latitude windshield wipers. Size 24 inches and 18 inches.",
        "price": 297.82,
        "created_at": "2023-04-03T06:32:26.487279Z",
        "updated_at": "2023-04-03T06:32:26.487283Z"
      }
    },
    {
      "model": "api.product",
      "pk": 47,
      "fields": {
        "category": 2,
        "user":1,
        "color": 2,
        "name": "Rain-X Latitude Wipers",
        "quantity": 3,
        "description": "Brand new Rain-X Latitude windshield wipers. Size 24 inches and 18 inches.",
        "price": 469.79,
        "created_at": "2023-04-03T06:32:26.487293Z",
        "updated_at": "2023-04-03T06:32:26.487296Z"
      }
    },
    {
      "model": "api.product",
      "pk": 48,
      "fields": {
        "category": 7,
        "user":1,
        "color": 2,
        "name": "Rain-X Latitude Wipers",
        "quantity": 4,
        "description": "Brand new Rain-X Latitude windshield wipers. Size 24 inches and 18 inches.",
        "price": 707.06,
        "created_at": "2023-04-03T06:32:26.487306Z",
        "updated_at": "2023-04-03T06:32:26.487309Z"
      }
    },
    {
      "model": "api.product",
      "pk": 49,
      "fields": {
        "category": 24,
        "user":1,
        "color": 2,
        "name": "Rain-X Latitude Wipers",
        "quantity": 4,
        "description": "Brand new Rain-X Latitude windshield wipers. Size 24 inches and 18 inches.",
        "price": 538.76,
        "created_at": "2023-04-03T06:32:26.487319Z",
        "updated_at": "2023-04-03T06:32:26.487323Z"
        
      }
    },
    {
      "model": "api.product",
      "pk": 50,
      "fields": {
        "category": 6,
        "user":1,
        "color": 2,
        "name": "Rain-X Latitude Wipers",
        "quantity": 4,
        "description": "Brand new Rain-X Latitude windshield wipers. Size 24 inches and 18 inches.",
        "price": 83.06,
        "created_at": "2023-04-03T06:32:26.487333Z",
        "updated_at": "2023-04-03T06:32:26.487336Z"
    
      }
    },
    {
      "model": "api.product_image",
      "pk": 1,
      "fields": {
        "ad": 1,
        "image": "https://picsum.photos/200/200/?random"
      }
    },
    {
      "model": "api.product_image",
      "pk": 2,
      "fields": {
        "ad": 2,
        "image": "https://picsum.photos/200/200/?random"
      }
    },
    {
      "model": "api.product_image",
      "pk": 3,
      "fields": {
        "ad": 3,
        "image": "https://picsum.photos/200/200/?random"
      }
    },
    {
      "model": "api.product_image",
      "pk": 4,
      "fields": {
        "ad": 4,
        "image": "https://picsum.photos/200/200/?random"
      }
    },
    {
      "model": "api.product_image",
      "pk": 5,
      "fields": {
        "ad": 5,
        "image": "https://picsum.photos/200/200/?random"
      }
    },
    {
      "model": "api.product_image",
      "pk": 6,
      "fields": {
        "ad": 6,
        "image": "https://picsum.photos/200/200/?random"
      }
    },
    {
      "model": "api.product_image",
      "pk": 7,
      "fields": {
        "ad": 7,
        "image": "https://picsum.photos/200/200/?random"
      }
    },
    {
      "model": "api.product_image",
      "pk": 8,
      "fields": {
        "ad": 8,
        "image": "https://picsum.photos/200/200/?random"
      }
    },
    {
      "model": "api.product_image",
      "pk": 9,
      "fields": {
        "ad": 9,
        "image": "https://picsum.photos/200/200/?random"
      }
    },
    {
      "model": "api.product_image",
      "pk": 10,
      "fields": {
        "ad": 10,
        "image": "https://picsum.photos/200/200/?random"
      }
    },
    {
      "model": "api.product_image",
      "pk": 11,
      "fields": {
        "ad": 11,
        "image": "https://picsum.photos/200/200/?random"
      }
    },
    {
      "model": "api.product_image",
      "pk": 12,
      "fields": {
        "ad": 12,
        "image": "https://picsum.photos/200/200/?random"
      }
    },
    {
      "model": "api.product_image",
      "pk": 13,
      "fields": {
        "ad": 13,
        "image": "https://picsum.photos/200/200/?random"
      }
    },
    {
      "model": "api.product_image",
      "pk": 14,
      "fields": {
        "ad": 14,
        "image": "https://picsum.photos/200/200/?random"
      }
    },
    {
      "model": "api.product_image",
      "pk": 15,
      "fields": {
        "ad": 15,
        "image": "https://picsum.photos/200/200/?random"
      }
    },
    {
      "model": "api.product_image",
      "pk": 16,
      "fields": {
        "ad": 16,
        "image": "https://picsum.photos/200/200/?random"
      }
    },
    {
      "model": "api.product_image",
      "pk": 17,
      "fields": {
        "ad": 17,
        "image": "https://picsum.photos/200/200/?random"
      }
    },
    {
      "model": "api.product_image",
      "pk": 18,
      "fields": {
        "ad": 18,
        "image": "https://picsum.photos/200/200/?random"
      }
    },
    {
      "model": "api.product_image",
      "pk": 19,
      "fields": {
        "ad": 19,
        "image": "https://picsum.photos/200/200/?random"
      }
    },
    {
      "model": "api.product_image",
      "pk": 20,
      "fields": {
        "ad": 20,
        "image": "https://picsum.photos/200/200/?random"
      }
    },
    {
      "model": "api.product_image",
      "pk": 21,
      "fields": {
        "ad": 21,
        "image": "https://picsum.photos/200/200/?random"
      }
    },
    {
      "model": "api.product_image",
      "pk": 22,
      "fields": {
        "ad": 22,
        "image": "https://picsum.photos/200/200/?random"
      }
    },
    {
      "model": "api.product_image",
      "pk": 23,
      "fields": {
        "ad": 23,
        "image": "https://picsum.photos/200/200/?random"
      }
    },
    {
      "model": "api.product_image",
      "pk": 24,
      "fields": {
        "ad": 24,
        "image": "https://picsum.photos/200/200/?random"
      }
    },
    {
      "model": "api.product_image",
      "pk": 25,
      "fields": {
        "ad": 25,
        "image": "https://picsum.photos/200/200/?random"
      }
    },
    {
      "model": "api.product_image",
      "pk": 26,
      "fields": {
        "ad": 26,
        "image": "https://picsum.photos/200/200/?random"
      }
    },
    {
      "model": "api.product_image",
      "pk": 27,
      "fields": {
        "ad": 27,
        "image": "https://picsum.photos/200/200/?random"
      }
    },
    {
      "model": "api.product_image",
      "pk": 28,
      "fields": {
        "ad": 28,
        "image": "https://picsum.photos/200/200/?random"
      }
    },
    {
      "model": "api.product_image",
      "pk": 29,
      "fields": {
        "ad": 29,
        "image": "https://picsum.photos/200/200/?random"
      }
    },
    {
      "model": "api.product_image",
      "pk": 30,
      "fields": {
        "ad": 30,
        "image": "https://picsum.photos/200/200/?random"
      }
    },
    {
      "model": "api.product_image",
      "pk": 31,
      "fields": {
        "ad": 31,
        "image": "https://picsum.photos/200/200/?random"
      }
    },
    {
      "model": "api.product_image",
      "pk": 32,
      "fields": {
        "ad": 32,
        "image": "https://picsum.photos/200/200/?random"
      }
    },
    {
      "model": "api.product_image",
      "pk": 33,
      "fields": {
        "ad": 33,
        "image": "https://picsum.photos/200/200/?random"
      }
    },
    {
      "model": "api.product_image",
      "pk": 34,
      "fields": {
        "ad": 34,
        "image": "https://picsum.photos/200/200/?random"
      }
    },
    {
      "model": "api.product_image",
      "pk": 35,
      "fields": {
        "ad": 35,
        "image": "https://picsum.photos/200/200/?random"
      }
    },
    {
      "model": "api.product_image",
      "pk": 36,
      "fields": {
        "ad": 36,
        "image": "https://picsum.photos/200/200/?random"
      }
    },
    {
      "model": "api.product_image",
      "pk": 37,
      "fields": {
        "ad": 37,
        "image": "https://picsum.photos/200/200/?random"
      }
    },
    {
      "model": "api.product_image",
      "pk": 38,
      "fields": {
        "ad": 38,
        "image": "https://picsum.photos/200/200/?random"
      }
    },
    {
      "model": "api.product_image",
      "pk": 39,
      "fields": {
        "ad": 39,
        "image": "https://picsum.photos/200/200/?random"
      }
    },
    {
      "model": "api.product_image",
      "pk": 40,
      "fields": {
        "ad": 40,
        "image": "https://picsum.photos/200/200/?random"
      }
    },
    {
      "model": "api.product_image",
      "pk": 41,
      "fields": {
        "ad": 41,
        "image": "https://picsum.photos/200/200/?random"
      }
    },
    {
      "model": "api.product_image",
      "pk": 42,
      "fields": {
        "ad": 42,
        "image": "https://picsum.photos/200/200/?random"
      }
    },
    {
      "model": "api.product_image",
      "pk": 43,
      "fields": {
        "ad": 43,
        "image": "https://picsum.photos/200/200/?random"
      }
    },
    {
      "model": "api.product_image",
      "pk": 44,
      "fields": {
        "ad": 44,
        "image": "https://picsum.photos/200/200/?random"
      }
    },
    {
      "model": "api.product_image",
      "pk": 45,
      "fields": {
        "ad": 45,
        "image": "https://picsum.photos/200/200/?random"
      }
    },
    {
      "model": "api.product_image",
      "pk": 46,
      "fields": {
        "ad": 46,
        "image": "https://picsum.photos/200/200/?random"
      }
    },
    {
      "model": "api.product_image",
      "pk": 47,
      "fields": {
        "ad": 47,
        "image": "https://picsum.photos/200/200/?random"
      }
    },
    {
      "model": "api.product_image",
      "pk": 48,
      "fields": {
        "ad": 48,
        "image": "https://picsum.photos/200/200/?random"
      }
    },
    {
      "model": "api.product_image",
      "pk": 49,
      "fields": {
        "ad": 49,
        "image": "https://picsum.photos/200/200/?random"
      }
    },
    {
      "model": "api.product_image",
      "pk": 50,
      "fields": {
        "ad": 50,
        "image": "https://picsum.photos/200/200/?random"
      }
    }
  ]
  